[{"family":"MaterialIcons","fonts":[{"asset":"fonts/MaterialIcons-Regular.otf"}]},{"family":"DMSans","fonts":[{"asset":"assets/fonts/DMSans_Regular.ttf"},{"asset":"assets/fonts/DMSans_Medium.ttf"},{"asset":"assets/fonts/DMSans_Bold.ttf"}]},{"family":"IconlyBold","fonts":[{"asset":"assets/fonts/Iconly_Bold.ttf"}]},{"family":"IconlyBroken","fonts":[{"asset":"assets/fonts/Iconly_Light.ttf"}]},{"family":"packages/cupertino_icons/CupertinoIcons","fonts":[{"asset":"packages/cupertino_icons/assets/CupertinoIcons.ttf"}]},{"family":"packages/flutter_feather_icons/FeatherIcons","fonts":[{"asset":"packages/flutter_feather_icons/fonts/feather.ttf"}]}]