[
  {
    "value": "arzte_und_apotheker_bank",
    "text": "Ärzte- und Apothekerbank",
    "icon": "arzte_und_apotheker_bank"
  },
  {
    "value": "austrian_anadi_bank_ag",
    "text": "Austrian Anadi Bank AG",
    "icon": "austrian_anadi_bank_ag"
  },
  {
    "value": "bank_austria",
    "text": "Bank Austria",
    "icon": "bank_austria"
  },
  {
    "value": "bankhaus_carl_spangler",
    "text": "Bankhaus Carl Spängler & Co.AG",
    "icon": "bankhaus_carl_spangler"
  },
  {
    "value": "bankhaus_schelhammer_und_schattera_ag",
    "text": "Bankhaus Schelhammer & Schattera AG",
    "icon": "bankhaus_schelhammer_und_schattera_ag"
  },
  {
    "value": "bawag_psk_ag",
    "text": "BAWAG P.S.K. AG",
    "icon": "bawag_psk_ag"
  },
  {
    "value": "bks_bank_ag",
    "text": "BKS Bank AG",
    "icon": "bks_bank_ag"
  },
  {
    "value": "brull_kallmus_bank_ag",
    "text": "Brüll Kallmus Bank AG",
    "icon": "brull_kallmus_bank_ag"
  },
  {
    "value": "btv_vier_lander_bank",
    "text": "BTV VIER LÄNDER BANK",
    "icon": "btv_vier_lander_bank"
  },
  {
    "value": "capital_bank_grawe_gruppe_ag",
    "text": "Capital Bank Grawe Gruppe AG",
    "icon": "capital_bank_grawe_gruppe_ag"
  },
  {
    "value": "dolomitenbank",
    "text": "Dolomitenbank",
    "icon": "dolomitenbank"
  },
  {
    "value": "easybank_ag",
    "text": "Easybank AG",
    "icon": "easybank_ag"
  },
  {
    "value": "erste_bank_und_sparkassen",
    "text": "Erste Bank und Sparkassen",
    "icon": "erste_bank_und_sparkassen"
  },
  {
    "value": "hypo_alpeadriabank_international_ag",
    "text": "Hypo Alpe-Adria-Bank International AG",
    "icon": "hypo_alpeadriabank_international_ag"
  },
  {
    "value": "hypo_noe_lb_fur_niederosterreich_u_wien",
    "text": "HYPO NOE LB für Niederösterreich u. Wien",
    "icon": "hypo_noe_lb_fur_niederosterreich_u_wien"
  },
  {
    "value": "hypo_oberosterreich_salzburg_steiermark",
    "text": "HYPO Oberösterreich,Salzburg,Steiermark",
    "icon": "hypo_oberosterreich_salzburg_steiermark"
  },
  {
    "value": "hypo_tirol_bank_ag",
    "text": "Hypo Tirol Bank AG",
    "icon": "hypo_tirol_bank_ag"
  },
  {
    "value": "hypo_vorarlberg_bank_ag",
    "text": "Hypo Vorarlberg Bank AG",
    "icon": "hypo_vorarlberg_bank_ag"
  },
  {
    "value": "hypo_bank_burgenland_aktiengesellschaft",
    "text": "HYPO-BANK BURGENLAND Aktiengesellschaft",
    "icon": "hypo_bank_burgenland_aktiengesellschaft"
  },
  {
    "value": "marchfelder_bank",
    "text": "Marchfelder Bank",
    "icon": "marchfelder_bank"
  },
  {
    "value": "oberbank_ag",
    "text": "Oberbank AG",
    "icon": "oberbank_ag"
  },
  {
    "value": "raiffeisen_bankengruppe_osterreich",
    "text": "Raiffeisen Bankengruppe Österreich",
    "icon": "raiffeisen_bankengruppe_osterreich"
  },
  {
    "value": "schoellerbank_ag",
    "text": "Schoellerbank AG",
    "icon": "schoellerbank_ag"
  },
  {
    "value": "sparda_bank_wien",
    "text": "Sparda-Bank Wien",
    "icon": "sparda_bank_wien"
  },
  {
    "value": "volksbank_gruppe",
    "text": "Volksbank Gruppe",
    "icon": "volksbank_gruppe"
  },
  {
    "value": "volkskreditbank_ag",
    "text": "Volkskreditbank AG",
    "icon": "volkskreditbank_ag"
  },
  {
    "value": "vr_bank_braunau",
    "text": "VR-Bank Braunau",
    "icon": "vr_bank_braunau"
  },
  {
    "value": "",
    "text": "Other"
  }
]
